<?xml version="1.0" encoding="utf-8" standalone="no"?>
<manifest identifier="FL.MyAmazingCompany.TestCourse.ec1f1114-ab98-4b60-a392-e545fca89bdc" version="1" xmlns:adlcp="http://www.adlnet.org/xsd/adlcp_rootv1p2" xmlns="http://www.imsproject.org/xsd/imscp_rootv1p1p2" xmlns:xsi="http://www.w3.org/2001/XMLSchema-instance" xsi:schemaLocation="http://www.imsproject.org/xsd/imscp_rootv1p1p2 imscp_rootv1p1p2.xsd http://www.imsglobal.org/xsd/imsmd_rootv1p2p1 imsmd_rootv1p2p1.xsd http://www.adlnet.org/xsd/adlcp_rootv1p2 adlcp_rootv1p2.xsd">
  <metadata>
    <schema>ADL SCORM</schema>
    <schemaversion>1.2</schemaversion>
    <adlcp:location>metadata.xml</adlcp:location>
  </metadata>
  <organizations default="My_Amazing_Company">
    <organization identifier="My_Amazing_Company">
      <title>Test Course</title>
      <item identifier="item_FL.MyAmazingCompany.TestCourse.ec1f1114-ab98-4b60-a392-e545fca89bdc" identifierref="resource_FL.MyAmazingCompany.TestCourse.ec1f1114-ab98-4b60-a392-e545fca89bdc">
        <title>Test Course</title>
        <adlcp:masteryscore>80</adlcp:masteryscore>
        <metadata>
          <schema>ADL SCORM</schema>
          <schemaversion>1.2</schemaversion>
          <adlcp:location>metadata.xml</adlcp:location>
        </metadata>
      </item>
      <metadata>
        <schema>ADL SCORM</schema>
        <schemaversion>1.2</schemaversion>
        <adlcp:location>metadata.xml</adlcp:location>
      </metadata>
    </organization>
  </organizations>
  <resources>
    <metadata>
      <schema>ADL SCORM</schema>
      <schemaversion>1.2</schemaversion>
      <adlcp:location>metadata.xml</adlcp:location>
    </metadata>
    <resource identifier="resource_FL.MyAmazingCompany.TestCourse.ec1f1114-ab98-4b60-a392-e545fca89bdc" type="webcontent" href="index.html" adlcp:scormtype="sco">
      <metadata>
        <schema>ADL SCORM</schema>
        <schemaversion>1.2</schemaversion>
        <adlcp:location>metadata.xml</adlcp:location>
      </metadata>
      <file href="asset-manifest.json"/>
      <file href="favicon.ico"/>
      <file href="index.html"/>
      <file href="logo192.png"/>
      <file href="logo512.png"/>
      <file href="manifest.json"/>
      <file href="robots.txt"/>
      <file href="static/css/main.073c9b0a.css"/>
      <file href="static/css/main.073c9b0a.css.map"/>
      <file href="static/js/787.bdce6a84.chunk.js"/>
      <file href="static/js/787.bdce6a84.chunk.js.map"/>
      <file href="static/js/main.b815f8c5.js"/>
      <file href="static/js/main.b815f8c5.js.LICENSE.txt"/>
      <file href="static/js/main.b815f8c5.js.map"/>
      <file href="static/media/logo.6ce24c58023cc2f8fd88fe9d219db6c6.svg"/>
    </resource>
  </resources>
</manifest>